{
    "cabecera": {
        "tipOperacion": "0101",
        "fecEmision": "2023-11-10",
        "horEmision": "20:06:44",
        "fecVencimiento": "2023-11-10",
        "codLocalEmisor": "0000",
        "tipDocUsuario": "6",
        "numDocUsuario": "20601286387",
        "rznSocialUsuario": "ITSOFTING E.I.R.L.",
        "tipMoneda": "PEN",
        "sumTotTributos": "0.0",
        "sumTotValVenta": "29.07",
        "sumPrecioVenta": "29.07",
        "sumDescTotal": "0.00",
        "sumOtrosCargos": "0.00",
        "sumTotalAnticipos": "0.00",
        "sumImpVenta": "29.07",
        "ublVersionId": "2.1",
        "customizationId": "2.0"
    },
    "detalle": [
        {
            "codUnidadMedida": "NIU",
            "codProducto": "2726",
            "ctdUnidadItem": "1.0",
            "desItem": "[P01024]  REUMASOL 100GR.                        [Lab:FARM]",
            "mtoValorUnitario": "0.0",
            "sumTotTributosItem": "0.00",
            "codTriIGV": "9996",
            "mtoIgvItem": "0.0",
            "mtoBaseIgvItem": "19.07",
            "nomTributoIgvItem": "GRA",
            "codTipTributoIgvItem": "FRE",
            "tipAfeIGV": "21",
            "porIgvItem": "0.0",
            "codTriISC": "-",
            "mtoIscItem": "0.00",
            "mtoBaseIscItem": "0.00",
            "nomTributoIscItem": "ISC",
            "codTipTributoIscItem": "EXC",
            "tipSisISC": "01",
            "porIscItem": "0.00",
            "mtoPrecioVentaUnitario": "0.00",
            "mtoValorVentaItem": "19.07",
            "mtoValorReferencialUnitario": "19.068"
        },
        {
            "codUnidadMedida": "NIU",
            "codProducto": "2726",
            "ctdUnidadItem": "1.0",
            "desItem": "[P01024]  REUMASOL 100GR.                        [Lab:FARM]",
            "mtoValorUnitario": "10.0",
            "sumTotTributosItem": "0.0",
            "codTriIGV": "9997",
            "mtoIgvItem": "0.0",
            "mtoBaseIgvItem": "10.0",
            "nomTributoIgvItem": "EXO",
            "codTipTributoIgvItem": "VAT",
            "tipAfeIGV": "20",
            "porIgvItem": "0.0",
            "codTriISC": "-",
            "mtoIscItem": "0.00",
            "mtoBaseIscItem": "0.00",
            "nomTributoIscItem": "ISC",
            "codTipTributoIscItem": "EXC",
            "tipSisISC": "01",
            "porIscItem": "0.00",
            "mtoPrecioVentaUnitario": "10.0",
            "mtoValorVentaItem": "10.0"
        }
    ],
    "tributos": [
        {
            "ideTributo": "9997",
            "nomTributo": "EXO",
            "codTipTributo": "VAT",
            "codCatTributo": "S",
            "mtoBaseImponible": "10.0",
            "mtoTributo": "0.0"
        },
        {
            "ideTributo": "9996",
            "nomTributo": "GRA",
            "codTipTributo": "FRE",
            "codCatTributo": "S",
            "mtoBaseImponible": "19.07",
            "mtoTributo": "0.0"
        }
    ],
    "datoPago": {
        "formaPago": "Contado",
        "mtoNetoPendientePago": "29.07",
        "tipMonedaMtoNetoPendientePago": "PEN"
    },
    "detallePago": []
