{
    "txtTIPO_OPERACION": "0101",
    "txtTOTAL_GRAVADAS": "0.85",
    "txtSUB_TOTAL": "0.85",
    "txtPOR_IGV": "18.00",
    "txtTOTAL_IGV": "0.15",
    "txtTOTAL": "1",
    "txtTOTAL_LETRAS": "SON UN  ",
    "txtNRO_COMPROBANTE": "B001-455984",
    "txtFECHA_DOCUMENTO": "2023-11-09",
    "txtFECHA_VTO": "2023-11-09",
    "txtCOD_TIPO_DOCUMENTO": "03",
    "txtCOD_MONEDA": "PEN",
    "txtTIPO_COMPROBANTE_MODIFICA": "",
    "txtNRO_DOCUMENTO_MODIFICA": "",
    "txtCOD_TIPO_MOTIVO": "",
    "txtDESCRIPCION_MOTIVO": "",
    "txtNRO_DOCUMENTO_CLIENTE": "47137223",
    "txtRAZON_SOCIAL_CLIENTE": "ricardo leguia",
    "txtTIPO_DOCUMENTO_CLIENTE": "1",
    "txtDIRECCION_CLIENTE": "NUEVA JERUSAELEN 2",
    "txtCIUDAD_CLIENTE": "LIMA",
    "txtCOD_PAIS_CLIENTE": "PE",
    "txtNRO_DOCUMENTO_EMPRESA": "20606962054",
    "txtTIPO_DOCUMENTO_EMPRESA": "6",
    "txtNOMBRE_COMERCIAL_EMPRESA": "FARMACOS YOJANY PERU E.I.R.L.",
    "txtCODIGO_UBIGEO_EMPRESA": "200301",
    "txtDIRECCION_EMPRESA": "PSJ HUAMPANI",
    "txtDEPARTAMENTO_EMPRESA": "LIMA",
    "txtPROVINCIA_EMPRESA": "LIMA",
    "txtDISTRITO_EMPRESA": "CHACLACAYO",
    "txtCODIGO_PAIS_EMPRESA": "PE",
    "txtRAZON_SOCIAL_EMPRESA": "CREVPERU S.A.",
    "txtTELEFONO_EMPRESA": "353-1099",
    "txtFORMATO_IMPRESION": "1",
    "txtUSUARIO_SOL_EMPRESA": "RLEGUIA1",
    "txtPASS_SOL_EMPRESA": "Rleguia123",
    "txtTIPO_PROCESO": "3",
    "txtPAS_FIRMA": "f20606962054",
    "detalle": [{
            "txtITEM": 1,
            "txtUNIDAD_MEDIDA_DET": "NIU",
            "txtCANTIDAD_DET": "1",
            "txtPRECIO_DET": "1",
            "txtSUB_TOTAL_DET": "0.85",
            "txtPRECIO_TIPO_CODIGO": "01",
            "txtIGV": "0.15",
            "txtISC": "0",
            "txtIMPORTE_DET": "0.85",
            "txtCOD_TIPO_OPERACION": "10",
            "txtCODIGO_DET": "1",
            "txtDESCRIPCION_DET": "peluche",
            "txtPRECIO_SIN_IGV_DET": 0.85
        }]
}



{
    "txtTIPO_OPERACION": "0101",
    "txtTOTAL_GRAVADAS": "3.38",
    "txtSUB_TOTAL": "3.38",
    "txtPOR_IGV": "18.00",
    "txtTOTAL_IGV": "0.62",
    "txtTOTAL": "4",
    "txtTOTAL_LETRAS": "SON CUATRO  ",
    "txtNRO_COMPROBANTE": "B001-994653",
    "txtFECHA_DOCUMENTO": "2023-11-10",
    "txtFECHA_VTO": "2023-11-10",
    "txtCOD_TIPO_DOCUMENTO": "03",
    "txtCOD_MONEDA": "PEN",
    "txtTIPO_COMPROBANTE_MODIFICA": "",
    "txtNRO_DOCUMENTO_MODIFICA": "",
    "txtCOD_TIPO_MOTIVO": "",
    "txtDESCRIPCION_MOTIVO": "",
    "txtNRO_DOCUMENTO_CLIENTE": "47137223",
    "txtRAZON_SOCIAL_CLIENTE": "ricardo leguia",
    "txtTIPO_DOCUMENTO_CLIENTE": "1",
    "txtDIRECCION_CLIENTE": "",
    "txtCIUDAD_CLIENTE": "LIMA",
    "txtCOD_PAIS_CLIENTE": "PE",
    "txtNRO_DOCUMENTO_EMPRESA": "20606962054",
    "txtTIPO_DOCUMENTO_EMPRESA": "6",
    "txtNOMBRE_COMERCIAL_EMPRESA": "FARMACOS YOJANY PERU E.I.R.L.",
    "txtCODIGO_UBIGEO_EMPRESA": "200301",
    "txtDIRECCION_EMPRESA": "PSJ HUAMPANI",
    "txtDEPARTAMENTO_EMPRESA": "LIMA",
    "txtPROVINCIA_EMPRESA": "LIMA",
    "txtDISTRITO_EMPRESA": "CHACLACAYO",
    "txtCODIGO_PAIS_EMPRESA": "PE",
    "txtRAZON_SOCIAL_EMPRESA": "CREVPERU S.A.",
    "txtTELEFONO_EMPRESA": "353-1099",
    "txtFORMATO_IMPRESION": "1",
    "txtUSUARIO_SOL_EMPRESA": "RLEGUIA1",
    "txtPASS_SOL_EMPRESA": "Rleguia123",
    "txtTIPO_PROCESO": "3",
    "txtPAS_FIRMA": "f20606962054",
    "detalle": [{
            "txtITEM": 1,
            "txtUNIDAD_MEDIDA_DET": "NIU",
            "txtCANTIDAD_DET": "2",
            "txtPRECIO_DET": "1",
            "txtSUB_TOTAL_DET": "1.69",
            "txtPRECIO_TIPO_CODIGO": "01",
            "txtIGV": "0.31",
            "txtISC": "0",
            "txtIMPORTE_DET": "1.69",
            "txtCOD_TIPO_OPERACION": "10",
            "txtCODIGO_DET": "1",
            "txtDESCRIPCION_DET": "uno",
            "txtPRECIO_SIN_IGV_DET": 0.85
        }, {
            "txtITEM": 2,
            "txtUNIDAD_MEDIDA_DET": "NIU",
            "txtCANTIDAD_DET": "2",
            "txtPRECIO_DET": "1",
            "txtSUB_TOTAL_DET": "1.69",
            "txtPRECIO_TIPO_CODIGO": "01",
            "txtIGV": "0.31",
            "txtISC": "0",
            "txtIMPORTE_DET": "1.69",
            "txtCOD_TIPO_OPERACION": "10",
            "txtCODIGO_DET": "2",
            "txtDESCRIPCION_DET": "dos",
            "txtPRECIO_SIN_IGV_DET": 0.85
        }]
}

{
    "txtTIPO_OPERACION": "0101",
    "txtTOTAL_GRAVADAS": "3.38",
    "txtSUB_TOTAL": "3.38",
    "txtPOR_IGV": "18.00",
    "txtTOTAL_IGV": "0.62",
    "txtTOTAL": "4",
    "txtTOTAL_LETRAS": "SON CUATRO  ",
    "txtNRO_COMPROBANTE": "B001-994653",
    "txtFECHA_DOCUMENTO": "2023-11-10",
    "txtFECHA_VTO": "2023-11-10",
    "txtCOD_TIPO_DOCUMENTO": "03",
    "txtCOD_MONEDA": "PEN",
    "txtTIPO_COMPROBANTE_MODIFICA": "",
    "txtNRO_DOCUMENTO_MODIFICA": "",
    "txtCOD_TIPO_MOTIVO": "",
    "txtDESCRIPCION_MOTIVO": "",
    "txtNRO_DOCUMENTO_CLIENTE": "47137223",
    "txtRAZON_SOCIAL_CLIENTE": "ricardo leguia",
    "txtTIPO_DOCUMENTO_CLIENTE": "1",
    "txtDIRECCION_CLIENTE": "",
    "txtCIUDAD_CLIENTE": "LIMA",
    "txtCOD_PAIS_CLIENTE": "PE",
    "txtNRO_DOCUMENTO_EMPRESA": "20606962054",
    "txtTIPO_DOCUMENTO_EMPRESA": "6",
    "txtNOMBRE_COMERCIAL_EMPRESA": "FARMACOS YOJANY PERU E.I.R.L.",
    "txtCODIGO_UBIGEO_EMPRESA": "200301",
    "txtDIRECCION_EMPRESA": "PSJ HUAMPANI",
    "txtDEPARTAMENTO_EMPRESA": "LIMA",
    "txtPROVINCIA_EMPRESA": "LIMA",
    "txtDISTRITO_EMPRESA": "CHACLACAYO",
    "txtCODIGO_PAIS_EMPRESA": "PE",
    "txtRAZON_SOCIAL_EMPRESA": "CREVPERU S.A.",
    "txtTELEFONO_EMPRESA": "353-1099",
    "txtFORMATO_IMPRESION": "1",
    "txtUSUARIO_SOL_EMPRESA": "RLEGUIA1",
    "txtPASS_SOL_EMPRESA": "Rleguia123",
    "txtTIPO_PROCESO": "3",
    "txtPAS_FIRMA": "f20606962054",
    "detalle": [{
            "txtITEM": 1,
            "txtUNIDAD_MEDIDA_DET": "NIU",
            "txtCANTIDAD_DET": "2",
            "txtPRECIO_DET": "1",
            "txtSUB_TOTAL_DET": "1.69",
            "txtPRECIO_TIPO_CODIGO": "01",
            "txtIGV": "0.31",
            "txtISC": "0",
            "txtIMPORTE_DET": "1.69",
            "txtCOD_TIPO_OPERACION": "10",
            "txtCODIGO_DET": "1",
            "txtDESCRIPCION_DET": "uno",
            "txtPRECIO_SIN_IGV_DET": 0.85
        }, {
            "txtITEM": 2,
            "txtUNIDAD_MEDIDA_DET": "NIU",
            "txtCANTIDAD_DET": "2",
            "txtPRECIO_DET": "1",
            "txtSUB_TOTAL_DET": "1.69",
            "txtPRECIO_TIPO_CODIGO": "01",
            "txtIGV": "0.31",
            "txtISC": "0",
            "txtIMPORTE_DET": "1.69",
            "txtCOD_TIPO_OPERACION": "10",
            "txtCODIGO_DET": "2",
            "txtDESCRIPCION_DET": "dos",
            "txtPRECIO_SIN_IGV_DET": 0.85
        }]
}