{
    "txtTIPO_OPERACION": "0101",
    "txtTOTAL_GRAVADAS": "0.0",
    "txtTOTAL_INAFECTA": "0.0",
    "txtTOTAL_EXONERADAS": "10.0",
    "txtTOTAL_GRATUITAS": "19.07",
    "txtSUB_TOTAL": "29.07",
    "txtPOR_IGV": "18.00",
    "txtTOTAL_IGV": "0.0",
    "txtTOTAL": "29.07",
    "txtTOTAL_LETRAS": "SON CUATRO  ",
    "txtNRO_COMPROBANTE": "FF30-00000015",
    "txtFECHA_DOCUMENTO": "2023-11-10",
    "txtFECHA_VTO": "2023-11-10",
    "txtCOD_TIPO_DOCUMENTO": "01",
    "txtCOD_MONEDA": "PEN",
    "txtTIPO_COMPROBANTE_MODIFICA": "",
    "txtNRO_DOCUMENTO_MODIFICA": "",
    "txtCOD_TIPO_MOTIVO": "",
    "txtDESCRIPCION_MOTIVO": "",
    "txtNRO_DOCUMENTO_CLIENTE": "20601286387",
    "txtRAZON_SOCIAL_CLIENTE": "ITSOFTING E.I.R.L.",
    "txtTIPO_DOCUMENTO_CLIENTE": "6",
    "txtDIRECCION_CLIENTE": "CAL.SIN NOMBRE MZA. A LOTE. 2 A.H. INTEG. VIRGEN DE FATIMA SECT. NVA JERUSALEN LIMA - LIMA - SAN JUAN DE LURIGANCHO",
    "txtCIUDAD_CLIENTE": "LIMA",
    "txtCOD_PAIS_CLIENTE": "PE",
    "txtNRO_DOCUMENTO_EMPRESA": "20606962054",
    "txtTIPO_DOCUMENTO_EMPRESA": "6",
    "txtNOMBRE_COMERCIAL_EMPRESA": "BOTICAS SOFTDEPLOY",
    "txtCODIGO_UBIGEO_EMPRESA": "200301",
    "txtDIRECCION_EMPRESA": "CAL. CHOQUEHUANCA NRO. 317 BAR. ALTO DE LA PALOMA - PIURA HUANCABAMBA HUANCABAMBA",
    "txtDEPARTAMENTO_EMPRESA": "PIURA",
    "txtPROVINCIA_EMPRESA": "HUANCABAMBA",
    "txtDISTRITO_EMPRESA": "HUANCABAMBA",
    "txtCODIGO_PAIS_EMPRESA": "PE",
    "txtRAZON_SOCIAL_EMPRESA": "FARMACOS YOJANY PERU E.I.R.L.",
    "txtTELEFONO_EMPRESA": "995 320 279 / 975 232 892",
    "txtFORMATO_IMPRESION": "1",
    "txtUSUARIO_SOL_EMPRESA": "RLEGUIA1",
    "txtPASS_SOL_EMPRESA": "Rleguia123",
    "txtTIPO_PROCESO": 3,
    "txtPAS_FIRMA": "f20606962054",
    "detalle": [
        {
            "txtITEM": 1,
            "txtUNIDAD_MEDIDA_DET": "NIU",
            "txtCANTIDAD_DET": "1.0",
            "txtPRECIO_DET": 19.07,
            "txtSUB_TOTAL_DET": 0.0,
            "txtPRECIO_TIPO_CODIGO": "01",
            "txtIGV": "0",
            "txtISC": "0",
            "txtIMPORTE_DET": 0.0,
            "txtCOD_TIPO_OPERACION": "20",
            "txtCODIGO_DET": "2726",
            "txtDESCRIPCION_DET": "[P01024]  REUMASOL 100GR.                        [Lab:FARM]",
            "txtPRECIO_SIN_IGV_DET": "0.0"
        },
        {
            "txtITEM": 2,
            "txtUNIDAD_MEDIDA_DET": "NIU",
            "txtCANTIDAD_DET": "1.0",
            "txtPRECIO_DET": 10.0,
            "txtSUB_TOTAL_DET": 10.0,
            "txtPRECIO_TIPO_CODIGO": "01",
            "txtIGV": 0.0,
            "txtISC": "0",
            "txtIMPORTE_DET": 10.0,
            "txtCOD_TIPO_OPERACION": "20",
            "txtCODIGO_DET": "2726",
            "txtDESCRIPCION_DET": "[P01024]  REUMASOL 100GR.                        [Lab:FARM]",
            "txtPRECIO_SIN_IGV_DET": "10.0"
        }
    ]
}
